<?xml version="1.0" encoding="UTF-8"?>

<site-conf xmlns:xsi="http://www.w3.org/2001/XMLSchema-instance"
     xsi:noNamespaceSchemaLocation="http://ofbiz.apache.org/dtds/site-conf.xsd">

    <include location="component://party/webapp/partymgr/WEB-INF/controller.xml" />

    <description>hware-catalog Component Site Configuration File</description>

 <!-- Request Mappings -->
 
 <request-map uri="PartyMain">
 	<security https="true" auth="true"/>
 	<response name="success" type="view" value="PartyMain"/>
 </request-map>
 
 <request-map uri="NewCustomer">
 	<security https="true" auth="true"/>
 	<response name="success" type="view" value="NewCustomer"/>
 </request-map>
 
 <request-map uri="FindParty">
 	<security https="true" auth="true"/>
 	<response name="success" type="view" value="FindParty"/>
 </request-map>
 
 <request-map uri="createCustomer">
        <security https="true" auth="true"/>
        <event type="service" invoke="createUpdateCustomerAndShippingAddress"/>
        <response name="success" type="view" value="viewprofile"/>
        <response name="error" type="view" value="NewCustomer"/>
 </request-map>
 <request-map uri="editcontactmech">
        <security https="true" auth="true"/>
        <response name="success" type="view" value="editcontactmech" save-current-view="true"/>
    </request-map>
    
    <request-map uri="LookupCustomerName">
        <security auth="true" https="true"/>
        <response name="success" type="view" value="LookupCustomerName"/>
    </request-map>
 <!-- View Mappings -->
 
 <view-map name="PartyMain" type="screen" page="component://hware/widget/party/PartyScreens.xml#findparty"/>
 <view-map name="FindParty" type="screen" page="component://hware/widget/party/PartyScreens.xml#findparty"/> 
 <view-map name="NewCustomer" type="screen" page="component://hware/widget/party/PartyScreens.xml#NewCustomer"/>
 <view-map name="viewprofile" type="screen" page="component://hware/widget/party/PartyScreens.xml#viewprofile"/>
 <view-map name="editcontactmech" type="screen" page="component://hware/widget/party/PartyScreens.xml#editcontactmech"/>
 <view-map name="LookupCustomerName" type="screen" page="component://hware/widget/party/PartyScreens.xml#LookupCustomerNameAndAddress"/>
 </site-conf>